date,PM2.5,temperature,humidity
2020-01-01,55,15.465859589002475,34.06618795381696
2020-01-02,108,29.748188040726106,82.65641523555917
2020-01-03,97,32.11438000987508,45.70006129059203
2020-01-04,142,29.392009930277954,65.28197677887078
2020-01-05,51,25.983543359249047,47.877092581609105
2020-01-06,146,19.775591799132606,34.34906299672691
2020-01-07,64,28.979858965672616,75.63723075618483
2020-01-08,96,29.94524964802403,80.90934371916734
2020-01-09,123,34.37672330505209,30.604801206594296
2020-01-10,83,31.7018914586623,70.13800479353964
2020-01-11,73,27.853983234000665,79.89638878524217
2020-01-12,58,29.6840874994136,75.46749881157068
2020-01-13,90,23.562878270131073,53.12086038434322
2020-01-14,147,17.28167830833908,61.976777559632424
2020-01-15,122,27.110188811952938,38.8699435387693
2020-01-16,89,21.75124576426967,47.69180725566483
2020-01-17,120,34.972301818524066,70.90157676216305
2020-01-18,78,22.216600508387334,78.93615997129254
2020-01-19,69,32.286441940176005,68.66034840739336
2020-01-20,92,33.71046740318936,36.64960237857221
2020-01-21,118,30.898792898591218,33.02567140964779
2020-01-22,109,18.962955956986722,52.32164804298456
2020-01-23,86,24.444267770077488,75.24627635578416
2020-01-24,93,22.787341281684405,45.581476684956925
2020-01-25,52,26.64454631371944,65.53749790947165
2020-01-26,102,24.49114257025478,55.27813852267879
2020-01-27,86,23.274080184668453,30.182862040889397
2020-01-28,70,21.238485028362035,41.929744664844584
2020-01-29,136,30.654903470443166,67.0863541393495
2020-01-30,81,19.330357876005856,70.67091600206217
2020-01-31,70,18.97129612907358,36.103340813141955
2020-02-01,79,33.3438780458298,44.07072069843597
2020-02-02,67,15.29325538583586,75.08254454783693
2020-02-03,57,19.980244425588445,43.834288668769105
2020-02-04,112,34.44356663040462,83.17794934307796
2020-02-05,129,19.81961234879329,43.844711126892854
2020-02-06,114,21.244165126790076,88.78872853196115
2020-02-07,56,29.885232993031025,64.33203738892215
2020-02-08,131,30.18276995795,69.24863218179263
2020-02-09,132,25.570777036289822,63.225969935932916
2020-02-10,54,24.839001752971075,70.74933756456716
2020-02-11,77,19.526973026769404,55.97069986230838
2020-02-12,94,24.400993087890875,76.11897130076508
2020-02-13,125,33.490193794666496,60.73139091456228
2020-02-14,63,21.33844589743037,85.02086067133044
2020-02-15,54,22.950725752680775,50.909204359352685
2020-02-16,139,16.699790221396857,85.76099725974558
2020-02-17,140,27.32096707881999,64.6548328666463
2020-02-18,84,16.49241961761956,68.71190164321266
2020-02-19,138,20.90683659882248,79.29048032974849
2020-02-20,79,24.391116673516763,30.661911960838225
2020-02-21,118,22.824557565468737,33.266048333198995
2020-02-22,108,26.781864548334426,76.74401549623676
2020-02-23,109,19.668478876241394,55.49497655523367
2020-02-24,105,29.217472387962392,68.03904994651003
2020-02-25,67,26.68672680828131,57.6021242530087
2020-02-26,108,33.51689758150707,70.63579189610596
2020-02-27,60,31.376733675629364,48.48984596809335
2020-02-28,78,31.254485583920225,53.26904828047381
2020-02-29,61,26.134325611326332,70.59841263452198
2020-03-01,129,21.62288898691829,35.60120335722197
