縣市,測站,aqi,pm2.5,空氣品質,資料發布時間
基隆市,基隆,32,0,良好,2024/05/20 01:00:00
新北市,汐止,28,1,良好,2024/05/20 01:00:00
新北市,萬里,28,0,良好,2024/05/20 01:00:00
新北市,新店,28,7,良好,2024/05/20 01:00:00
新北市,土城,31,7,良好,2024/05/20 01:00:00
新北市,板橋,22,3,良好,2024/05/20 01:00:00
新北市,新莊,28,4,良好,2024/05/20 01:00:00
新北市,菜寮,30,0,良好,2024/05/20 01:00:00
新北市,林口,31,6,良好,2024/05/20 01:00:00
新北市,淡水,35,1,良好,2024/05/20 01:00:00
臺北市,士林,31,4,良好,2024/05/20 01:00:00
臺北市,中山,25,3,良好,2024/05/20 01:00:00
臺北市,萬華,26,6,良好,2024/05/20 01:00:00
臺北市,古亭,25,9,良好,2024/05/20 01:00:00
臺北市,松山,25,4,良好,2024/05/20 01:00:00
臺北市,大同,36,6,良好,2024/05/20 01:00:00
桃園市,桃園,22,2,良好,2024/05/20 01:00:00
桃園市,大園,20,3,良好,2024/05/20 01:00:00
桃園市,觀音,30,6,良好,2024/05/20 01:00:00
桃園市,平鎮,23,4,良好,2024/05/20 01:00:00
桃園市,龍潭,25,4,良好,2024/05/20 01:00:00
新竹縣,湖口,35,7,良好,2024/05/20 01:00:00
新竹縣,竹東,38,10,良好,2024/05/20 01:00:00
新竹市,新竹,34,10,良好,2024/05/20 01:00:00
苗栗縣,頭份,57,21,普通,2024/05/20 01:00:00
苗栗縣,苗栗,73,25,普通,2024/05/20 01:00:00
苗栗縣,三義,61,23,普通,2024/05/20 01:00:00
臺中市,豐原,74,19,普通,2024/05/20 01:00:00
臺中市,沙鹿,71,24,普通,2024/05/20 01:00:00
臺中市,大里,80,29,普通,2024/05/20 01:00:00
臺中市,忠明,72,25,普通,2024/05/20 01:00:00
臺中市,西屯,81,25,普通,2024/05/20 01:00:00
彰化縣,彰化,73,27,普通,2024/05/20 01:00:00
彰化縣,線西,45,10,良好,2024/05/20 01:00:00
彰化縣,二林,73,19,普通,2024/05/20 01:00:00
南投縣,南投,77,28,普通,2024/05/20 01:00:00
雲林縣,斗六,93,29,普通,2024/05/20 01:00:00
雲林縣,崙背,72,13,普通,2024/05/20 01:00:00
嘉義縣,新港,93,24,普通,2024/05/20 01:00:00
嘉義縣,朴子,76,22,普通,2024/05/20 01:00:00
雲林縣,臺西,41,9,良好,2024/05/20 01:00:00
嘉義市,嘉義,97,19,普通,2024/05/20 01:00:00
臺南市,新營,94,45,普通,2024/05/20 01:00:00
臺南市,善化,107,48,對敏感族群不健康,2024/05/20 01:00:00
臺南市,安南,92,33,普通,2024/05/20 01:00:00
臺南市,臺南,108,48,對敏感族群不健康,2024/05/20 01:00:00
高雄市,美濃,66,25,普通,2024/05/20 01:00:00
高雄市,橋頭,95,38,普通,2024/05/20 01:00:00
高雄市,仁武,88,35,普通,2024/05/20 01:00:00
高雄市,鳳山,66,27,普通,2024/05/20 01:00:00
高雄市,大寮,63,18,普通,2024/05/20 01:00:00
高雄市,林園,80,10,普通,2024/05/20 01:00:00
高雄市,楠梓,80,32,普通,2024/05/20 01:00:00
高雄市,左營,93,44,普通,2024/05/20 01:00:00
高雄市,前金,69,25,普通,2024/05/20 01:00:00
高雄市,前鎮,70,28,普通,2024/05/20 01:00:00
高雄市,小港,65,18,普通,2024/05/20 01:00:00
屏東縣,屏東,66,14,普通,2024/05/20 01:00:00
屏東縣,潮州,81,34,普通,2024/05/20 01:00:00
屏東縣,恆春,40,2,良好,2024/05/20 01:00:00
臺東縣,臺東,31,5,良好,2024/05/20 01:00:00
花蓮縣,花蓮,31,10,良好,2024/05/20 01:00:00
臺北市,陽明,33,1,良好,2024/05/20 01:00:00
宜蘭縣,宜蘭,31,2,良好,2024/05/20 01:00:00
宜蘭縣,冬山,21,7,良好,2024/05/20 01:00:00
新北市,三重,25,1,良好,2024/05/20 01:00:00
桃園市,中壢,27,7,良好,2024/05/20 01:00:00
南投縣,竹山,81,21,普通,2024/05/20 01:00:00
新北市,永和,25,0,良好,2024/05/20 01:00:00
高雄市,復興,63,25,普通,2024/05/20 01:00:00
南投縣,埔里,77,24,普通,2024/05/20 01:00:00
連江縣,馬祖,38,25,良好,2024/05/20 01:00:00
金門縣,金門,50,17,良好,2024/05/20 01:00:00
澎湖縣,馬公,44,8,良好,2024/05/20 01:00:00
臺東縣,關山,23,6,良好,2024/05/20 01:00:00
雲林縣,麥寮,37,7,良好,2024/05/20 01:00:00
新北市,富貴角,37,0,良好,2024/05/20 01:00:00
彰化縣,大城,42,10,良好,2024/05/20 01:00:00
彰化縣,彰化（員林）,91,36,普通,2024/05/20 01:00:00
高雄市,高雄（湖內）,98,48,普通,2024/05/20 01:00:00
臺南市,臺南（麻豆）,80,26,普通,2024/05/20 01:00:00
屏東縣,屏東（琉球）,54,11,普通,2024/05/20 01:00:00
新北市,新北(樹林),26,9,良好,2024/05/20 01:00:00
臺中市,大甲（日南國小）,68,26,普通,2024/05/20 01:00:00
屏東縣,屏東(枋山),46,1,良好,2024/05/20 01:00:00
